ticker,n_trades,total_pnl,total_costs,avg_return,avg_alloc,total_alloc,mean_z_score,mean_mentions,win_rate
NVDA,583,56146.44697010577,1081.5087775390723,0.002756895755132307,33126.34089497281,19312656.74176915,-0.032956723972567284,88.83704974271012,0.5454545454545454
AMD,411,53003.33647857105,600.1815801994084,0.0035802151468485506,26076.71099232744,10717528.217846578,0.09481053890671207,30.67396593673966,0.537712895377129
TSLA,620,49580.95680153098,1152.8495308342729,0.0004062429661426473,33204.19155628666,20586598.76489773,-0.2926258809471704,58.21612903225807,0.47096774193548385
MU,201,44668.461086552095,332.5582422382666,0.008563444095845077,29544.975323229082,5938540.039969046,1.1108162944012083,56.72636815920398,0.5422885572139303
HOOD,338,35800.070665574865,493.2262795892217,0.0063681972087837055,26058.02406959117,8807612.135521816,0.42690553675259607,24.683431952662723,0.5443786982248521
GOOG,586,32282.40578373567,960.312178558971,0.0016277614022381318,29263.535426589802,17148431.759981625,0.07810781939417356,37.53754266211604,0.5511945392491467
PLTR,322,28964.177992413162,498.26919653786337,0.006108089292714963,27632.49758972179,8897664.223890416,0.3036072074447968,24.959627329192546,0.5527950310559007
COIN,210,27343.740662934968,246.63893110442254,0.0073830992898475225,20972.698223165182,4404266.6268646885,0.4418302940349026,18.914285714285715,0.5619047619047619
SNDK,114,24628.12194300264,229.25317872662848,0.008668755382383068,35910.58564013604,4093806.762975509,2.4856743750072217,41.25438596491228,0.5614035087719298
TGT,188,14151.249271411401,260.1293774492258,0.0029718153256095047,24708.33752367266,4645167.45445046,1.1913863304702093,17.829787234042552,0.4946808510638298
AAPL,528,12772.597932725434,800.9474029981335,0.0014569295529850675,27088.318553778867,14302632.19639524,-0.15313974566347852,28.988636363636363,0.5303030303030303
AVGO,95,12418.307397253673,126.62442142288585,0.0029492711602736887,23801.582974226665,2261150.382551533,1.1681923906541332,27.33684210526316,0.4842105263157895
DELL,29,12296.464965216644,37.96836230574311,0.02420693837381997,23379.53343949699,678006.4697454127,1.3966995170958076,27.896551724137932,0.5172413793103449
HPE,9,12099.25098169243,10.221048476189003,0.0559934876052755,20279.858087676592,182518.72278908934,4.202963645324936,28.555555555555557,0.6666666666666666
SPY,559,9340.048687353375,766.8932380002508,0.0007255253692363234,24498.250638903995,13694522.107147334,-0.3238999657351499,120.3577817531306,0.5724508050089445
CRM,23,8973.709869763446,37.25917275211793,0.010956403381669389,28927.92915537106,665342.3705735344,2.089409513639645,30.130434782608695,0.6956521739130435
COST,499,8493.858683128645,732.4379095329925,0.001003903224085955,26210.918606247946,13079248.384517726,0.05792077597467243,19.090180360721444,0.533066132264529
SMCI,191,8462.774943092769,221.5777404719478,0.006562658511612133,20715.94432235862,3956745.3655704963,0.7381816355071962,36.890052356020945,0.5130890052356021
UBER,41,6620.541907678616,41.15611409911775,0.006339617477158969,17925.136802751633,734930.608912817,2.0273724830653386,17.121951219512194,0.4878048780487805
PSKY,1,6127.197347411044,1.3309373574251846,0.2578055605252678,23766.738525449724,23766.738525449724,9.517882619219026,11.0,1.0
ABNB,7,5194.296894572604,13.16528874805685,0.02284589803195151,33584.92027565523,235094.4419295866,2.02016432226106,38.285714285714285,1.0
MSFT,357,5050.783552486195,560.3008020226092,0.00024273683355743492,28026.250601371008,10005371.46468945,0.19077788826151526,36.1624649859944,0.5238095238095238
IBM,24,4865.9929381931315,31.291320838695125,0.0074437814617923405,23282.232766886253,558773.58640527,5.09240021892294,41.083333333333336,0.4583333333333333
JPM,22,4756.749108138855,28.005815297693683,0.007887021979365933,22731.99293643968,500103.84460167296,2.650164904411,16.545454545454547,0.6363636363636364
KR,3,4730.327118802573,5.506125092322603,0.03770289727035035,32774.55412096787,98323.66236290362,6.102922910753251,10.666666666666666,1.0
NFLX,154,4656.4526979967395,244.46139129250233,0.0029022144295419976,28346.636281598134,4365381.987366113,0.04859367548431143,22.551948051948052,0.5454545454545454
AMZN,389,4626.638597474378,581.1596639179867,0.0009244438189783148,26678.2805691327,10377851.14139262,-0.04855793779035097,23.75835475578406,0.519280205655527
ORCL,107,4332.059249397061,173.37155989150594,0.00044753060831081304,28933.83843316187,3095920.71234832,1.1033227200718432,25.233644859813083,0.4953271028037383
META,399,3663.6611206295483,645.6193482587199,0.0015127106777168713,28894.528654615107,11528916.933191428,0.0470054920796526,29.38095238095238,0.49874686716791977
CRWD,32,3261.009901600414,34.12723096753061,0.011188282453353595,19044.21370955949,609414.8387059037,2.4712713532472415,35.90625,0.5625
BA,96,3180.09154327604,89.37841103160294,0.0034602623669184114,16625.448480580904,1596043.0541357668,1.289140636577511,23.625,0.4895833333333333
SBUX,29,3179.4901832657733,25.945511781585815,0.007975570813340804,15976.300358119344,463312.710385461,2.7561864922512807,31.93103448275862,0.6551724137931034
WBD,5,3065.643298425624,4.21828858176842,0.04803505222377371,15065.316363458644,75326.58181729322,13.58716090764737,19.2,0.8
PYPL,40,2928.533404109864,52.86610142958543,-0.0019291308027739166,23600.938138207777,944037.5255283111,0.5059194837431982,23.9,0.575
TXN,3,2840.1979146327867,2.726406125157665,0.06032415183164664,16228.607887843245,48685.823663529736,11.649952625327174,16.333333333333332,1.0
CSCO,15,2298.957137541628,14.888071448925416,-0.0006112141182930215,17723.894582054065,265858.418730811,4.534231423605095,39.86666666666667,0.3333333333333333
LLY,24,2220.6266538226846,22.2708730912754,0.004897691885371538,16570.590097675147,397694.16234420356,2.6298739087146568,16.083333333333332,0.5416666666666666
DE,29,1931.4914016839064,28.535624198547243,0.004941354553828032,17571.19716659313,509564.7178312008,2.557092433387005,15.96551724137931,0.41379310344827586
MRNA,7,1776.0503662108308,10.33575118267678,0.01565456424662803,26366.71220070607,184566.9854049425,4.649753315344489,18.285714285714285,0.7142857142857143
TTD,7,1400.0913629682602,8.033448790106865,0.013066864066376667,20493.491811497104,143454.44268047973,9.97253937414834,27.714285714285715,0.42857142857142855
HD,2,1382.3194015464314,2.538934733833207,0.029042003439707906,22669.060123510775,45338.12024702155,7.896066410526737,13.5,1.0
WDAY,4,1333.8830239655456,4.165264972980679,0.021161299699840506,18594.932915092315,74379.73166036926,8.9457815103851,14.0,0.5
SCHW,7,1186.5980613109678,6.522942952421664,0.022475650823093322,16640.16059291241,116481.12415038685,5.13815767775614,17.0,0.5714285714285714
INTU,5,850.1819015189185,3.5491539595901602,0.007393326554905014,12675.549855679144,63377.74927839572,11.634533147737502,24.8,0.6
FOX,20,664.7807623033507,19.63847920699395,0.003109785384340534,17534.356434816025,350687.1286963205,4.253241869197682,18.9,0.5
GS,6,588.9218198212334,5.364849007273988,0.01989381784791674,15966.812521648773,95800.87512989264,2.8504013402063855,11.333333333333334,0.5
CVS,1,526.2106319333477,1.1263413591393547,0.026162401965585298,20113.238556059907,20113.238556059907,9.991761890902108,10.0,1.0
CF,2,515.0495489233838,1.0540855907434774,0.02822377687320409,9411.47848878105,18822.9569775621,12.074845680656637,14.5,1.0
PFE,4,464.13779292069796,4.156617711707295,0.0013675521463104561,18556.32907012185,74225.3162804874,3.9577083018362154,13.25,0.5
BAC,2,420.81083652135464,1.1668540758172872,0.014666363993745457,10418.33996265435,20836.6799253087,3.627650822774383,12.0,1.0
OXY,9,407.9530039672349,9.074335273805868,0.001993655530046644,18004.63347977355,162041.70131796197,4.01972297823685,17.666666666666668,0.4444444444444444
TER,1,377.45336203515797,0.5335922028744124,0.03961337545808141,9528.432194185936,9528.432194185936,16.186964432786812,10.0,1.0
LITE,2,273.1350632111888,2.030772134312228,-0.02427497256181375,18131.89405635918,36263.78811271836,24.047909585160866,20.0,0.5
WM,2,215.33568978562667,0.6318652902088884,0.01792744290701387,5641.654376865075,11283.30875373015,7.722766155913726,12.0,1.0
CNC,1,200.59324965279615,0.29185335970997683,0.038489267321504754,5211.667137678158,5211.667137678158,10.588727243108892,10.0,1.0
PEP,1,191.81752192102948,1.0853057747550585,0.009897469890457325,19380.460263483186,19380.460263483186,2.8416666493236478,10.0,1.0
BLK,2,182.75313471643523,0.7065891770518542,0.01003332322951277,6308.831937962985,12617.66387592597,6.335806503576433,13.0,0.5
GL,1,178.5910913587645,0.3714156451137629,0.026926978568787858,6632.422234174338,6632.422234174338,3.4606307031285657,10.0,1.0
ROST,1,142.10278889726658,0.2208278682152593,0.03603601412521829,3943.354789558202,3943.354789558202,8.318212923672103,57.0,1.0
ED,5,137.45772662962676,3.0718776969593002,0.004608541450969905,10970.991774854643,54854.958874273216,6.153250026392031,12.0,0.8
ECHO,1,131.60042826228133,0.1353711198555447,0.05444014935055515,2417.3414259918695,2417.3414259918695,20.064226629141604,19.0,1.0
AXON,1,123.74683315111719,0.06033530707360096,0.11485518169335096,1077.4161977428744,1077.4161977428744,24.773828031084488,17.0,1.0
AMAT,9,118.10568954987855,6.831483627274045,-0.0033063777979820985,13554.531006496121,121990.7790584651,7.4799935840813605,39.111111111111114,0.3333333333333333
VST,1,110.8472622258269,0.07765897982321247,0.07993211730024406,1386.76749684308,1386.76749684308,17.38592543596537,12.0,1.0
JNJ,1,72.17265916891945,0.5654779790464729,0.007147349787651644,10097.821054401302,10097.821054401302,16.24321836737322,11.0,1.0
EL,28,66.90709964870393,26.94369290480802,-0.0015804948647670984,17183.47761786226,481137.3733001432,3.7663261549283282,20.214285714285715,0.5357142857142857
ADP,1,31.446584396963328,0.39968491909676473,0.004405992425757755,7137.230698156513,7137.230698156513,11.525471051380313,10.0,1.0
MCD,15,23.144056706819157,11.631390256157712,0.0016136562390457788,13846.893162092514,207703.3974313877,3.079994997441952,17.533333333333335,0.5333333333333333
USB,1,21.817287678170292,0.7608887281077755,0.0016057119324344622,13587.298716210278,13587.298716210278,14.493911250756945,11.0,1.0
WFC,1,11.018393358872562,0.021058039194267714,0.029301399926391407,376.03641418335206,376.03641418335206,9.802491008459269,13.0,1.0
COO,1,5.970516613538618,0.04918573160001715,0.006797681349484004,878.3166357145919,878.3166357145919,24.58810397245675,16.0,1.0
FDX,10,1.0776912905776044,15.528660610949096,0.00869131144755998,27729.75109098053,277297.5109098053,1.6155409621162942,33.5,0.6
IBKR,1,-5.2416827311750955,0.11697517224940539,-0.002509372094105187,2088.842361596525,2088.842361596525,16.756230488840394,21.0,0.0
DECK,4,-6.227296076457591,3.85178313439701,-0.017710822659637186,17195.460421415224,68781.8416856609,9.102897296927651,12.0,0.25
CMS,1,-17.551209435960267,0.3078341845370914,-0.0031928478959923562,5497.039009590918,5497.039009590918,41.8801378453551,11.0,0.0
KVUE,3,-21.58381549589285,3.2708107007778047,0.006061958363287795,19469.1113141536,58407.3339424608,4.411088978946062,11.333333333333334,0.3333333333333333
FTNT,1,-22.56554007078127,0.16471411370619077,-0.007671900212618248,2941.3234590391207,2941.3234590391207,15.78104293897941,13.0,0.0
FE,2,-31.492401626445385,1.2088695288915967,-0.0019369574852627007,10793.477936532112,21586.955873064224,9.118670967130015,11.5,0.5
DLTR,1,-31.494884472279892,0.1811863293509733,-0.009734252781462397,3235.4701669816664,3235.4701669816664,15.97699957868614,11.0,0.0
CL,2,-45.78449485558579,2.1999205010012943,-0.0016808872858784676,19642.147330368698,39284.294660737396,20.371106702591177,19.0,0.0
MET,2,-52.69204396058683,1.4961295518176354,-0.002954222643678533,13358.299569800318,26716.599139600636,3.926239830413444,11.5,0.5
ES,32,-56.83910947602567,38.76653031472391,0.000393321625002751,21633.108434555754,692259.4699057841,3.224656000327481,14.5,0.53125
TEL,4,-73.81121920364583,2.727142345759698,-0.002907356002437874,12174.74261499865,48698.9704599946,10.245342965726973,22.5,0.5
GE,3,-79.71616149667653,0.26366407757438454,-0.016539603572652436,1569.4290331808604,4708.287099542581,11.529008714084133,10.333333333333334,0.0
NEM,1,-99.30375446082378,0.08334958455584185,-0.06671911179209793,1488.385438497176,1488.385438497176,21.853672039272723,11.0,0.0
V,6,-101.49205428827196,4.73298779214003,-0.0010842532691848143,14086.273190892944,84517.63914535767,4.618206961046055,15.833333333333334,0.3333333333333333
C,1,-111.36224034961172,0.18410337185726955,-0.03387382532251002,3287.5602117369563,3287.5602117369563,8.412731744706853,11.0,0.0
DDOG,1,-119.06332432205492,0.30967778664093265,-0.02153059227901938,5529.96047573094,5529.96047573094,13.527575183569047,13.0,0.0
SNPS,2,-123.88969468575355,0.3599583069583775,0.019596470342366633,3213.913454985513,6427.826909971026,17.63076942825548,11.0,0.5
KIM,3,-152.4706857366699,4.1499262750321435,-0.00253611983032175,24701.94211328657,74105.8263398597,5.092273032825276,10.333333333333334,0.0
BF,2,-155.2036354874257,1.3008672534418035,-0.006494686622647598,11614.886191444675,23229.77238288935,4.3646226701946205,10.0,0.0
NOW,7,-165.8983189048031,8.543478854263087,0.00154659331291719,21794.588913936448,152562.12239755513,9.824615009158206,16.714285714285715,0.2857142857142857
MA,10,-170.79313325516893,6.460498096555752,0.005154024876479135,11536.603743849559,115366.03743849558,3.569506115769511,12.0,0.3
DG,1,-176.9409506950041,1.1768906700403032,-0.008419382947934238,21015.904822148274,21015.904822148274,8.517003427133798,10.0,0.0
VZ,1,-214.58612390298745,0.6556546282980107,-0.018327976986544453,11708.118362464476,11708.118362464476,24.48888931160287,32.0,0.0
LMT,14,-231.21167556557967,11.722010167670039,-0.0009798800444420675,14951.543581211783,209321.61013696497,5.075677008545307,18.285714285714285,0.2857142857142857
ISRG,1,-284.7134556671287,0.3229758535681188,-0.04936577561825831,5767.42595657355,5767.42595657355,19.756502436726862,11.0,0.0
CVNA,55,-286.19888049690417,64.5308915524393,-0.0012818833829267569,20951.588166376394,1152337.3491507017,1.260244495734567,23.818181818181817,0.5454545454545454
HUM,1,-289.16171517356923,0.2975874994658282,-0.054414436354976385,5314.062490461218,5314.062490461218,21.683775252873573,11.0,0.0
CVX,1,-289.39544246235283,1.315202197141339,-0.012322169787365521,23485.753520381055,23485.753520381055,3.46623256001621,10.0,0.0
EBAY,7,-340.48922225383075,6.101869428752101,0.009715169552830138,15565.993440694134,108961.95408485894,8.810593584526272,22.714285714285715,0.5714285714285714
COHR,2,-417.9660732126647,0.6773616788018372,-0.028056084059030782,6047.87213215926,12095.74426431852,45.6424187398606,22.0,0.0
TAP,1,-507.0423256674019,2.4004600858634633,-0.011828720004382344,42865.35867613327,42865.35867613327,8.120083976510118,11.0,0.0
CME,3,-636.6723990568881,5.742892933452123,8.876196437512343e-06,34183.88650864359,102551.65952593077,8.688046423090016,22.333333333333332,0.3333333333333333
KO,20,-644.1715102236388,16.648051521709867,-0.00275095238832494,14864.331715812383,297286.63431624766,2.0336419504456233,12.65,0.5
GLW,1,-767.9058646643783,0.835854853256605,-0.05144760271913319,14925.979522439375,14925.979522439375,22.20686089047239,10.0,0.0
GM,3,-796.6090170963915,2.2247692235974523,-0.014158095608284814,13242.673949984834,39728.0218499545,7.406844782395854,24.0,0.0
HPQ,1,-873.6905128054847,0.4994245785395269,-0.09796608100503178,8918.296045348694,8918.296045348694,22.234889101409152,13.0,0.0
RTX,8,-944.4085212759453,7.7873144276230555,-0.005738089410769301,17382.39827594432,139059.18620755457,5.035248921916938,16.125,0.375
BRK,23,-1004.8858056742963,20.78586199679561,-0.005142804369738201,16138.091612418952,371176.1070856359,4.644426489002655,15.521739130434783,0.5652173913043478
UAL,4,-1046.7327353435198,1.3731977015656376,-0.03208671774704565,6130.346881989453,24521.387527957813,8.904214136645546,15.25,0.25
INTC,315,-1102.976669676495,447.8748883919568,-0.00023991357085584308,25389.732902038366,7997765.864142085,0.30822757192686356,27.784126984126985,0.4444444444444444
PANW,23,-1162.414505369874,24.53315870191128,-0.0008217599661283357,19047.483464216835,438092.1196769872,2.2924755952625024,30.434782608695652,0.4782608695652174
CCL,4,-1180.0458162856469,3.5234935408514385,-0.017693790722056877,15729.881878801067,62919.52751520427,3.8058226323269877,12.5,0.5
WMT,81,-1354.2971152150071,99.40023848156027,0.0007183215258162454,21913.632822213465,1775004.2585992906,0.6423822820763612,19.246913580246915,0.5308641975308642
ADBE,22,-1365.7454075488545,23.422776061923233,-0.005572648118017994,19011.99355675587,418263.85824862914,2.8248580808782786,37.81818181818182,0.45454545454545453
XYZ,2,-1547.457972891591,1.528272803354569,-0.07338979001922158,13645.292887094365,27290.58577418873,16.478573946583968,18.5,0.0
CMG,29,-1915.6165018589318,28.270242421750158,0.0009782590272802952,17407.78474245699,504825.7575312528,2.172834802783322,28.413793103448278,0.5172413793103449
TTWO,4,-2031.554121749402,3.4776819426586716,-0.023479923897565626,15525.365815440498,62101.46326176199,13.229321447196828,17.25,0.0
ANET,6,-2152.731035316944,6.5987956474118885,-0.007503140071728018,19639.27276015443,117835.63656092658,5.160018034010773,18.0,0.5
NKE,47,-2193.084788378557,67.41965560465245,-0.006623648296277374,25615.37067046066,1203922.421511651,0.6588198047024834,27.914893617021278,0.48936170212765956
RDDT,6,-2304.1033925797497,7.373699606507705,-0.015090905530081388,21945.53454317769,131673.20725906614,15.560228216594806,20.333333333333332,0.16666666666666666
STX,3,-2346.4321863938485,2.815477073174114,-0.04180026417275792,16758.792102226867,50276.376306680606,16.546454385286047,22.0,0.0
XOM,8,-2911.8579040519385,8.998433411063067,-0.017900693538676873,20085.788863980062,160686.3109118405,2.982754263786799,14.5,0.25
ULTA,8,-3205.4971126939768,9.38666205244744,-0.010982040420231202,20952.370652784462,167618.9652222757,5.3383352867779825,23.875,0.375
UNH,120,-3233.3452728518964,179.2358319361688,-0.0022354845471729825,26671.99880002512,3200639.8560030144,1.668659322620907,36.483333333333334,0.44166666666666665
DIS,40,-3705.504373378278,44.943817951999634,-0.0010498254626913756,20064.20444285698,802568.1777142792,0.2639767848120478,17.95,0.375
UPS,15,-4742.418497917651,14.881627679621097,-0.017869176783237833,17716.223428120356,265743.35142180533,2.9244212222522057,17.4,0.3333333333333333
DASH,9,-6408.858503358377,8.919191693218133,-0.0303940649224902,17696.808915115344,159271.2802360381,2.7629202020171073,22.22222222222222,0.2222222222222222
MRVL,35,-8681.27448241799,51.6807017263076,-0.0033926124292919736,26367.70496240184,922869.6736840644,3.5262554949342153,30.114285714285714,0.42857142857142855
LULU,61,-10142.691969187756,77.95139904028618,-0.005746226561806406,22819.496206172767,1391989.268576539,0.6930785510623741,19.40983606557377,0.45901639344262296
QCOM,20,-12096.310546351817,25.144298957541494,-0.021523358094060738,22450.266926376335,449005.3385275267,4.000750279552426,29.75,0.25
WDC,19,-12171.423811193245,26.224863545157792,-0.020990790806159898,24647.428143945297,468301.1347349606,6.542873878211101,14.894736842105264,0.5263157894736842
